id, Label
0,5
1,1
2,2
3,0
4,8
5,5
6,0
7,8
8,3
9,6
10,8
11,5
12,6
13,8
14,0
15,0
16,4
17,6
18,3
19,0
20,7
21,7
22,1
23,8
24,8
25,2
26,9
27,8
28,8
29,5
30,0
31,3
32,9
33,8
34,9
35,7
36,3
37,9
38,7
39,6
40,6
41,2
42,3
43,5
44,8
45,5
46,2
47,9
48,4
49,6
50,9
51,8
52,0
53,0
54,4
55,7
56,9
57,0
58,2
59,7
60,3
61,3
62,3
63,7
64,7
65,7
66,7
67,2
68,0
69,4
70,8
71,3
72,6
73,1
74,7
75,2
76,9
77,5
78,1
79,0
80,0
81,2
82,6
83,1
84,3
85,3
86,0
87,7
88,1
89,0
90,8
91,1
92,5
93,8
94,2
95,9
96,8
97,1
98,9
99,2
100,7
101,9
102,3
103,0
104,9
105,3
106,1
107,8
108,8
109,4
110,0
111,1
112,2
113,8
114,8
115,2
116,0
117,4
118,8
119,4
120,7
121,4
122,7
123,6
124,0
125,8
126,0
127,6
128,0
129,4
130,1
131,9
132,9
133,6
134,4
135,7
136,0
137,8
138,3
139,2
140,3
141,8
142,1
143,8
144,7
145,7
146,7
147,3
148,0
149,9
150,4
151,5
152,8
153,8
154,1
155,3
156,8
157,7
158,5
159,9
160,1
161,9
162,6
163,2
164,8
165,1
166,0
167,0
168,8
169,3
170,2
171,2
172,6
173,2
174,5
175,9
176,1
177,8
178,8
179,6
180,9
181,6
182,5
183,0
184,9
185,8
186,2
187,7
188,7
189,4
190,3
191,5
192,0
193,8
194,8
195,3
196,7
197,2
198,1
199,1
200,3
201,0
202,6
203,7
204,9
205,5
206,3
207,6
208,0
209,5
210,5
211,7
212,3
213,1
214,3
215,9
216,8
217,7
218,7
219,2
220,4
221,5
222,9
223,3
224,8
225,5
226,3
227,7
228,2
229,3
230,4
231,7
232,5
233,4
234,2
235,1
236,6
237,9
238,4
239,4
240,0
241,4
242,8
243,9
244,4
245,3
246,3
247,5
248,5
249,8
250,6
251,8
252,8
253,8
254,1
255,0
256,6
257,8
258,8
259,7
260,1
261,3
262,0
263,2
264,4
265,0
266,7
267,6
268,3
269,3
270,3
271,0
272,7
273,9
274,4
275,9
276,6
277,0
278,6
279,6
280,3
281,9
282,9
283,6
284,0
285,2
286,9
287,7
288,3
289,6
290,2
291,8
292,7
293,8
294,1
295,4
296,3
297,8
298,4
299,9
300,2
301,0
302,8
303,4
304,6
305,0
306,9
307,2
308,0
309,3
310,6
311,7
312,7
313,1
314,2
315,8
316,2
317,2
318,0
319,9
320,9
321,0
322,6
323,9
324,6
325,8
326,2
327,5
328,6
329,2
330,2
331,6
332,6
333,9
334,8
335,9
336,0
337,0
338,5
339,8
340,8
341,7
342,0
343,1
344,2
345,9
346,4
347,7
348,9
349,0
350,5
351,9
352,9
353,8
354,8
355,4
356,8
357,8
358,7
359,4
360,8
361,3
362,4
363,9
364,7
365,2
366,6
367,8
368,3
369,4
370,2
371,1
372,1
373,3
374,2
375,3
376,8
377,2
378,9
379,8
380,1
381,1
382,5
383,7
384,3
385,9
386,4
387,7
388,0
389,6
390,4
391,9
392,5
393,1
394,6
395,5
396,3
397,9
398,0
399,8
400,3
401,8
402,4
403,5
404,4
405,2
406,7
407,8
408,2
409,4
410,3
411,9
412,2
413,9
414,9
415,9
416,8
417,9
418,4
419,0
420,3
421,6
422,3
423,4
424,7
425,3
426,0
427,8
428,2
429,0
430,2
431,1
432,5
433,1
434,8
435,0
436,9
437,3
438,3
439,7
440,8
441,0
442,1
443,9
444,3
445,4
446,3
447,7
448,9
449,2
450,9
451,7
452,4
453,7
454,2
455,7
456,6
457,2
458,8
459,9
460,0
461,6
462,8
463,9
464,9
465,7
466,7
467,4
468,3
469,2
470,6
471,9
472,0
473,8
474,3
475,0
476,7
477,7
478,3
479,5
480,3
481,4
482,3
483,8
484,2
485,8
486,4
487,7
488,4
489,8
490,6
491,7
492,6
493,6
494,3
495,9
496,4
497,6
498,7
499,4
500,5
501,6
502,5
503,8
504,4
505,4
506,9
507,4
508,6
509,2
510,3
511,3
512,7
513,7
514,8
515,5
516,1
517,5
518,2
519,0
520,7
521,8
522,2
523,4
524,1
525,9
526,7
527,8
528,2
529,2
530,6
531,5
532,6
533,7
534,8
535,2
536,3
537,3
538,0
539,0
540,6
541,6
542,6
543,3
544,6
545,3
546,3
547,4
548,8
549,8
550,3
551,3
552,7
553,9
554,8
555,6
556,8
557,5
558,9
559,0
560,1
561,8
562,0
563,1
564,9
565,8
566,6
567,6
568,1
569,0
570,7
571,3
572,4
573,6
574,6
575,6
576,0
577,8
578,1
579,7
580,9
581,3
582,8
583,7
584,5
585,9
586,5
587,2
588,4
589,5
590,0
591,0
592,7
593,2
594,7
595,4
596,2
597,3
598,7
599,0
600,1
601,7
602,7
603,0
604,1
605,1
606,9
607,3
608,0
609,9
610,7
611,8
612,7
613,6
614,5
615,0
616,1
617,9
618,4
619,6
620,2
621,9
622,2
623,8
624,5
625,8
626,2
627,8
628,8
629,3
630,4
631,3
632,2
633,9
634,1
635,7
636,5
637,0
638,0
639,2
640,4
641,8
642,6
643,3
644,6
645,3
646,1
647,9
648,3
649,7
650,3
651,3
652,4
653,2
654,6
655,1
656,2
657,2
658,8
659,1
660,6
661,8
662,7
663,3
664,3
665,1
666,7
667,9
668,3
669,7
670,1
671,8
672,1
673,6
674,5
675,6
676,7
677,0
678,2
679,3
680,7
681,4
682,8
683,2
684,5
685,1
686,5
687,0
688,0
689,8
690,4
691,7
692,4
693,0
694,0
695,5
696,1
697,2
698,1
699,0
700,4
701,5
702,9
703,4
704,7
705,6
706,3
707,4
708,3
709,1
710,1
711,6
712,6
713,4
714,2
715,7
716,0
717,5
718,0
719,8
720,6
721,3
722,7
723,3
724,6
725,9
726,0
727,1
728,2
729,7
730,5
731,0
732,0
733,3
734,7
735,7
736,7
737,0
738,4
739,9
740,8
741,9
742,6
743,3
744,0
745,3
746,6
747,0
748,3
749,9
750,9
751,3
752,9
753,0
754,2
755,7
756,3
757,6
758,0
759,1
760,0
761,0
762,5
763,3
764,7
765,1
766,2
767,0
768,0
769,9
770,8
771,9
772,5
773,1
774,7
775,8
776,9
777,7
778,1
779,0
780,2
781,7
782,8
783,8
784,5
785,3
786,0
787,8
788,2
789,3
790,8
791,3
792,8
793,9
794,6
795,0
796,9
797,7
798,5
799,3
800,7
801,3
802,3
803,0
804,0
805,6
806,6
807,4
808,6
809,9
810,4
811,2
812,1
813,5
814,8
815,9
816,8
817,9
818,7
819,6
820,9
821,6
822,0
823,2
824,0
825,7
826,6
827,6
828,9
829,7
830,1
831,3
832,0
833,9
834,8
835,5
836,6
837,9
838,7
839,4
840,9
841,2
842,8
843,4
844,1
845,9
846,8
847,9
848,6
849,4
850,1
851,3
852,9
853,2
854,2
855,2
856,2
857,7
858,2
859,7
860,9
861,1
862,8
863,2
864,4
865,3
866,3
867,7
868,3
869,6
870,8
871,7
872,3
873,1
874,7
875,0
876,2
877,6
878,1
879,9
880,6
881,0
882,4
883,1
884,9
885,9
886,2
887,2
888,7
889,9
890,5
891,8
892,3
893,6
894,7
895,9
896,1
897,6
898,9
899,1
900,2
901,3
902,3
903,5
904,1
905,3
906,4
907,2
908,7
909,0
910,9
911,7
912,7
913,6
914,6
915,3
916,0
917,4
918,9
919,7
920,3
921,6
922,3
923,0
924,3
925,5
926,6
927,6
928,0
929,8
930,9
931,7
932,6
933,2
934,8
935,7
936,9
937,6
938,8
939,0
940,0
941,3
942,8
943,9
944,8
945,0
946,7
947,3
948,0
949,3
950,3
951,0
952,8
953,6
954,1
955,3
956,2
957,0
958,8
959,6
960,4
961,9
962,2
963,7
964,8
965,2
966,0
967,7
968,5
969,0
970,0
971,9
972,5
973,6
974,9
975,4
976,7
977,7
978,9
979,8
980,4
981,7
982,0
983,9
984,8
985,9
986,6
987,3
988,4
989,6
990,2
991,8
992,0
993,2
994,9
995,5
996,4
997,0
998,5
999,8
1000,2
1001,9
1002,8
1003,4
1004,2
1005,0
1006,7
1007,4
1008,5
1009,6
1010,9
1011,4
1012,3
1013,7
1014,3
1015,8
1016,0
1017,8
1018,8
1019,9
1020,0
1021,8
1022,0
1023,9
1024,8
1025,6
1026,0
1027,8
1028,1
1029,5
1030,4
1031,9
1032,6
1033,3
1034,5
1035,4
1036,8
1037,7
1038,3
1039,6
1040,2
1041,6
1042,4
1043,4
1044,3
1045,8
1046,1
1047,8
1048,2
1049,7
1050,8
1051,8
1052,2
1053,8
1054,4
1055,8
1056,0
1057,9
1058,3
1059,3
1060,1
1061,6
1062,5
1063,4
1064,8
1065,5
1066,1
1067,1
1068,9
1069,3
1070,8
1071,2
1072,8
1073,4
1074,4
1075,8
1076,9
1077,3
1078,7
1079,9
1080,9
1081,8
1082,6
1083,1
1084,1
1085,6
1086,3
1087,4
1088,1
1089,4
1090,7
1091,1
1092,7
1093,8
1094,0
1095,8
1096,8
1097,2
1098,8
1099,3
1100,2
1101,8
1102,4
1103,7
1104,2
1105,5
1106,3
1107,1
1108,7
1109,2
1110,7
1111,7
1112,8
1113,3
1114,5
1115,0
1116,5
1117,9
1118,1
1119,9
1120,5
1121,6
1122,0
1123,1
1124,4
1125,9
1126,7
1127,1
1128,6
1129,2
1130,6
1131,8
1132,0
1133,9
1134,7
1135,9
1136,7
1137,8
1138,4
1139,3
1140,8
1141,2
1142,3
1143,7
1144,4
1145,8
1146,0
1147,8
1148,3
1149,9
1150,3
1151,6
1152,6
1153,7
1154,5
1155,3
1156,2
1157,5
1158,0
1159,3
1160,2
1161,0
1162,7
1163,0
1164,8
1165,7
1166,0
1167,0
1168,3
1169,7
1170,4
1171,4
1172,9
1173,3
1174,6
1175,7
1176,0
1177,9
1178,9
1179,9
1180,8
1181,9
1182,7
1183,2
1184,2
1185,8
1186,4
1187,0
1188,4
1189,1
1190,8
1191,7
1192,5
1193,3
1194,5
1195,9
1196,0
1197,8
1198,9
1199,9
1200,8
1201,1
1202,8
1203,5
1204,7
1205,1
1206,7
1207,0
1208,5
1209,7
1210,1
1211,4
1212,2
1213,8
1214,2
1215,2
1216,0
1217,8
1218,6
1219,9
1220,0
1221,7
1222,0
1223,5
1224,3
1225,9
1226,8
1227,2
1228,1
1229,9
1230,8
1231,7
1232,1
1233,9
1234,9
1235,3
1236,0
1237,4
1238,5
1239,2
1240,1
1241,7
1242,5
1243,9
1244,7
1245,7
1246,3
1247,2
1248,5
1249,2
1250,9
1251,0
1252,3
1253,1
1254,1
1255,9
1256,8
1257,2
1258,4
1259,7
1260,8
1261,1
1262,4
1263,8
1264,5
1265,1
1266,9
1267,7
1268,3
1269,7
1270,0
1271,8
1272,7
1273,1
1274,6
1275,6
1276,1
1277,1
1278,0
1279,8
1280,3
1281,6
1282,9
1283,2
1284,8
1285,0
1286,0
1287,0
1288,5
1289,4
1290,8
1291,3
1292,8
1293,9
1294,0
1295,0
1296,3
1297,2
1298,7
1299,7
1300,8
1301,4
1302,3
1303,6
1304,7
1305,3
1306,3
1307,8
1308,6
1309,9
1310,8
1311,3
1312,0
1313,2
1314,0
1315,7
1316,2
1317,2
1318,0
1319,9
1320,4
1321,8
1322,5
1323,3
1324,8
1325,9
1326,7
1327,4
1328,9
1329,2
1330,6
1331,0
1332,8
1333,6
1334,4
1335,9
1336,0
1337,6
1338,2
1339,7
1340,4
1341,8
1342,1
1343,7
1344,4
1345,9
1346,6
1347,6
1348,1
1349,1
1350,9
1351,9
1352,2
1353,4
1354,6
1355,8
1356,6
1357,6
1358,2
1359,8
1360,0
1361,7
1362,0
1363,8
1364,3
1365,8
1366,9
1367,9
1368,7
1369,9
1370,7
1371,5
1372,1
1373,3
1374,7
1375,2
1376,9
1377,7
1378,1
1379,9
1380,2
1381,7
1382,7
1383,6
1384,5
1385,9
1386,1
1387,9
1388,1
1389,7
1390,1
1391,3
1392,2
1393,2
1394,4
1395,5
1396,2
1397,8
1398,3
1399,9
1400,8
1401,8
1402,8
1403,2
1404,0
1405,2
1406,8
1407,0
1408,0
1409,5
1410,6
1411,1
1412,8
1413,9
1414,1
1415,7
1416,9
1417,7
1418,7
1419,7
1420,1
1421,4
1422,4
1423,9
1424,7
1425,8
1426,3
1427,0
1428,1
1429,8
1430,7
1431,8
1432,8
1433,4
1434,7
1435,5
1436,7
1437,8
1438,3
1439,5
1440,9
1441,9
1442,5
1443,8
1444,5
1445,6
1446,3
1447,1
1448,3
1449,5
1450,8
1451,4
1452,7
1453,7
1454,2
1455,2
1456,2
1457,7
1458,8
1459,0
1460,6
1461,0
1462,9
1463,9
1464,9
1465,3
1466,8
1467,4
1468,4
1469,7
1470,5
1471,2
1472,3
1473,8
1474,6
1475,5
1476,6
1477,8
1478,7
1479,7
1480,8
1481,9
1482,7
1483,0
1484,9
1485,2
1486,7
1487,1
1488,7
1489,0
1490,5
1491,4
1492,8
1493,9
1494,7
1495,9
1496,5
1497,9
1498,4
1499,1
1500,2
1501,2
1502,8
1503,6
1504,8
1505,6
1506,7
1507,7
1508,9
1509,4
1510,3
1511,1
1512,4
1513,8
1514,2
1515,3
1516,6
1517,7
1518,4
1519,7
1520,7
1521,7
1522,3
1523,3
1524,4
1525,7
1526,4
1527,7
1528,8
1529,6
1530,0
1531,9
1532,2
1533,0
1534,4
1535,8
1536,8
1537,1
1538,1
1539,0
1540,4
1541,3
1542,5
1543,7
1544,3
1545,7
1546,9
1547,2
1548,9
1549,2
1550,9
1551,3
1552,6
1553,9
1554,6
1555,0
1556,3
1557,1
1558,0
1559,2
1560,2
1561,9
1562,2
1563,6
1564,9
1565,8
1566,7
1567,1
1568,5
1569,4
1570,4
1571,9
1572,6
1573,6
1574,8
1575,6
1576,3
1577,6
1578,8
1579,4
1580,6
1581,6
1582,0
1583,4
1584,2
1585,9
1586,3
1587,6
1588,4
1589,8
1590,7
1591,9
1592,0
1593,7
1594,7
1595,0
1596,6
1597,6
1598,3
1599,2
1600,0
1601,8
1602,8
1603,1
1604,6
1605,2
1606,3
1607,0
1608,5
1609,9
1610,6
1611,3
1612,2
1613,2
1614,9
1615,6
1616,0
1617,6
1618,0
1619,7
1620,3
1621,5
1622,2
1623,3
1624,7
1625,8
1626,6
1627,7
1628,0
1629,4
1630,8
1631,2
1632,6
1633,7
1634,9
1635,2
1636,0
1637,6
1638,8
1639,8
1640,8
1641,8
1642,9
1643,8
1644,5
1645,8
1646,5
1647,2
1648,4
1649,6
1650,3
1651,0
1652,3
1653,6
1654,6
1655,4
1656,9
1657,5
1658,6
1659,8
1660,4
1661,4
1662,8
1663,0
1664,5
1665,5
1666,6
1667,8
1668,5
1669,3
1670,4
1671,7
1672,8
1673,5
1674,3
1675,9
1676,7
1677,3
1678,2
1679,0
1680,6
1681,5
1682,7
1683,0
1684,8
1685,1
1686,6
1687,3
1688,1
1689,8
1690,8
1691,6
1692,1
1693,8
1694,5
1695,4
1696,6
1697,8
1698,9
1699,5
1700,9
1701,6
1702,5
1703,3
1704,9
1705,1
1706,9
1707,7
1708,8
1709,7
1710,8
1711,6
1712,3
1713,6
1714,6
1715,8
1716,9
1717,6
1718,8
1719,1
1720,9
1721,0
1722,9
1723,3
1724,8
1725,2
1726,9
1727,3
1728,4
1729,5
1730,1
1731,6
1732,0
1733,0
1734,6
1735,1
1736,0
1737,5
1738,3
1739,2
1740,7
1741,4
1742,1
1743,6
1744,3
1745,0
1746,1
1747,8
1748,8
1749,2
1750,1
1751,1
1752,6
1753,7
1754,1
1755,0
1756,9
1757,4
1758,3
1759,6
1760,3
1761,0
1762,2
1763,8
1764,2
1765,7
1766,0
1767,7
1768,6
1769,4
1770,1
1771,3
1772,4
1773,7
1774,9
1775,1
1776,1
1777,5
1778,7
1779,9
1780,6
1781,6
1782,9
1783,2
1784,6
1785,6
1786,1
1787,2
1788,0
1789,8
1790,7
1791,6
1792,9
1793,3
1794,6
1795,6
1796,5
1797,8
1798,2
1799,4
1800,9
1801,3
1802,4
1803,4
1804,0
1805,3
1806,5
1807,0
1808,2
1809,5
1810,2
1811,8
1812,2
1813,2
1814,0
1815,8
1816,9
1817,5
1818,4
1819,7
1820,0
1821,2
1822,9
1823,6
1824,5
1825,0
1826,7
1827,0
1828,4
1829,8
1830,0
1831,2
1832,0
1833,0
1834,2
1835,1
1836,4
1837,4
1838,9
1839,9
1840,7
1841,5
1842,8
1843,6
1844,5
1845,4
1846,9
1847,0
1848,6
1849,6
1850,7
1851,0
1852,7
1853,3
1854,8
1855,9
1856,1
1857,6
1858,1
1859,7
1860,4
1861,7
1862,6
1863,0
1864,5
1865,6
1866,7
1867,7
1868,7
1869,8
1870,3
1871,6
1872,5
1873,7
1874,6
1875,2
1876,8
1877,7
1878,9
1879,1
1880,4
1881,8
1882,4
1883,4
1884,0
1885,9
1886,9
1887,7
1888,3
1889,8
1890,8
1891,4
1892,9
1893,5
1894,6
1895,7
1896,2
1897,5
1898,6
1899,1
1900,9
1901,7
1902,8
1903,3
1904,2
1905,1
1906,0
1907,3
1908,1
1909,9
1910,4
1911,3
1912,2
1913,4
1914,8
1915,8
1916,8
1917,9
1918,2
1919,7
1920,6
1921,6
1922,0
1923,3
1924,7
1925,7
1926,3
1927,9
1928,8
1929,4
1930,5
1931,2
1932,7
1933,7
1934,0
1935,6
1936,1
1937,2
1938,6
1939,7
1940,1
1941,2
1942,2
1943,9
1944,6
1945,1
1946,0
1947,9
1948,8
1949,5
1950,6
1951,2
1952,2
1953,7
1954,4
1955,7
1956,5
1957,3
1958,5
1959,4
1960,2
1961,0
1962,3
1963,7
1964,2
1965,6
1966,3
1967,9
1968,4
1969,7
1970,0
1971,6
1972,4
1973,7
1974,7
1975,1
1976,9
1977,8
1978,8
1979,3
1980,3
1981,6
1982,8
1983,4
1984,0
1985,0
1986,7
1987,4
1988,3
1989,8
1990,8
1991,6
1992,8
1993,8
1994,6
1995,0
1996,6
1997,0
1998,0
1999,5
2000,4
2001,0
2002,9
2003,4
2004,7
2005,9
2006,8
2007,2
2008,6
2009,6
2010,8
2011,9
2012,2
2013,1
2014,3
2015,1
2016,4
2017,7
2018,9
2019,8
2020,6
2021,1
2022,4
2023,7
2024,1
2025,8
2026,5
2027,0
2028,1
2029,3
2030,9
2031,2
2032,3
2033,9
2034,6
2035,9
2036,4
2037,2
2038,3
2039,6
2040,6
2041,6
2042,7
2043,3
2044,3
2045,7
2046,0
2047,7
2048,7
2049,4
2050,9
2051,7
2052,1
2053,3
2054,4
2055,3
2056,9
2057,8
2058,7
2059,3
2060,5
2061,9
2062,3
2063,3
2064,5
2065,5
2066,6
2067,8
2068,2
2069,7
2070,3
2071,7
2072,3
2073,7
2074,8
2075,4
2076,7
2077,0
2078,3
2079,6
2080,9
2081,2
2082,0
2083,9
2084,8
2085,6
2086,9
2087,1
2088,8
2089,5
2090,0
2091,3
2092,2
2093,9
2094,1
2095,2
2096,7
2097,0
2098,9
2099,4
2100,4
2101,7
2102,5
2103,9
2104,4
2105,9
2106,7
2107,8
2108,9
2109,8
2110,6
2111,3
2112,8
2113,8
2114,2
2115,0
2116,1
2117,9
2118,9
2119,5
2120,5
2121,7
2122,4
2123,0
2124,7
2125,7
2126,3
2127,5
2128,3
2129,7
2130,5
2131,0
2132,8
2133,9
2134,1
2135,4
2136,3
2137,8
2138,1
2139,9
2140,0
2141,3
2142,9
2143,9
2144,8
2145,3
2146,8
2147,4
2148,6
2149,4
2150,4
2151,3
2152,1
2153,0
2154,7
2155,9
2156,7
2157,6
2158,8
2159,5
2160,9
2161,7
2162,9
2163,5
2164,4
2165,2
2166,2
2167,9
2168,3
2169,1
2170,0
2171,2
2172,9
2173,1
2174,8
2175,1
2176,2
2177,5
2178,1
2179,7
2180,9
2181,7
2182,4
2183,1
2184,4
2185,3
2186,4
2187,5
2188,6
2189,9
2190,3
2191,4
2192,0
2193,8
2194,9
2195,8
2196,8
2197,5
2198,3
2199,3
2200,8
2201,4
2202,7
2203,9
2204,7
2205,5
2206,4
2207,9
2208,3
2209,8
2210,6
2211,5
2212,8
2213,8
2214,8
2215,5
2216,4
2217,6
2218,3
2219,7
2220,3
2221,8
2222,8
2223,0
2224,5
2225,9
2226,2
2227,9
2228,2
2229,0
2230,5
2231,4
2232,9
2233,7
2234,2
2235,7
2236,1
2237,7
2238,4
2239,4
2240,0
2241,5
2242,9
2243,8
2244,4
2245,8
2246,5
2247,9
2248,2
2249,5
2250,9
2251,6
2252,7
2253,8
2254,1
2255,1
2256,8
2257,4
2258,6
2259,7
2260,9
2261,4
2262,8
2263,8
2264,9
2265,6
2266,0
2267,4
2268,9
2269,2
2270,0
2271,1
2272,8
2273,8
2274,3
2275,2
2276,9
2277,6
2278,3
2279,3
2280,8
2281,3
2282,0
2283,7
2284,5
2285,4
2286,8
2287,4
2288,3
2289,9
2290,2
2291,8
2292,1
2293,3
2294,1
2295,7
2296,8
2297,6
2298,9
2299,8
2300,8
2301,8
2302,3
2303,9
2304,0
2305,1
2306,6
2307,1
2308,6
2309,1
2310,7
2311,7
2312,9
2313,5
2314,6
2315,3
2316,8
2317,1
2318,8
2319,2
2320,3
2321,5
2322,7
2323,0
2324,6
2325,0
2326,9
2327,0
2328,7
2329,8
2330,7
2331,3
2332,6
2333,3
2334,4
2335,9
2336,0
2337,0
2338,9
2339,3
2340,5
2341,6
2342,9
2343,7
2344,7
2345,9
2346,6
2347,3
2348,1
2349,7
2350,8
2351,1
2352,4
2353,2
2354,4
2355,2
2356,4
2357,2
2358,7
2359,9
2360,9
2361,1
2362,7
2363,5
2364,5
2365,4
2366,3
2367,1
2368,8
2369,3
2370,2
2371,3
2372,5
2373,4
2374,1
2375,9
2376,0
2377,9
2378,9
2379,3
2380,3
2381,8
2382,1
2383,3
2384,6
2385,2
2386,9
2387,5
2388,9
2389,8
2390,9
2391,8
2392,5
2393,4
2394,8
2395,2
2396,1
2397,6
2398,9
2399,7
2400,2
2401,8
2402,4
2403,9
2404,8
2405,6
2406,6
2407,4
2408,9
2409,9
2410,4
2411,7
2412,7
2413,3
2414,2
2415,3
2416,8
2417,8
2418,8
2419,9
2420,7
2421,6
2422,1
2423,9
2424,2
2425,8
2426,9
2427,0
2428,6
2429,7
2430,9
2431,7
2432,9
2433,9
2434,9
2435,1
2436,0
2437,8
2438,2
2439,3
2440,7
2441,5
2442,8
2443,4
2444,0
2445,5
2446,6
2447,4
2448,6
2449,6
2450,6
2451,6
2452,8
2453,7
2454,2
2455,8
2456,0
2457,7
2458,3
2459,1
2460,5
2461,3
2462,8
2463,0
2464,9
2465,6
2466,8
2467,0
2468,5
2469,1
2470,1
2471,4
2472,9
2473,1
2474,4
2475,8
2476,4
2477,8
2478,1
2479,9
2480,6
2481,6
2482,9
2483,2
2484,6
2485,3
2486,4
2487,3
2488,4
2489,8
2490,6
2491,2
2492,1
2493,7
2494,1
2495,5
2496,9
2497,8
2498,3
2499,2
2500,2
2501,5
2502,2
2503,3
2504,6
2505,7
2506,3
2507,0
2508,8
2509,8
2510,9
2511,3
2512,4
2513,4
2514,7
2515,5
2516,5
2517,7
2518,2
2519,8
2520,7
2521,3
2522,3
2523,1
2524,0
2525,8
2526,5
2527,8
2528,1
2529,2
2530,9
2531,1
2532,3
2533,4
2534,0
2535,9
2536,9
2537,7
2538,3
2539,9
2540,1
2541,1
2542,8
2543,6
2544,7
2545,7
2546,2
2547,8
2548,0
2549,9
2550,2
2551,5
2552,7
2553,7
2554,9
2555,3
2556,9
2557,0
2558,2
2559,3
2560,7
2561,7
2562,3
2563,1
2564,9
2565,8
2566,1
2567,1
2568,2
2569,5
2570,5
2571,6
2572,9
2573,5
2574,4
2575,1
2576,5
2577,1
2578,1
2579,6
2580,1
2581,6
2582,8
2583,9
2584,5
2585,8
2586,2
2587,0
2588,8
2589,4
2590,1
2591,8
2592,9
2593,8
2594,9
2595,5
2596,8
2597,4
2598,4
2599,9
2600,1
2601,3
2602,3
2603,0
2604,3
2605,1
2606,1
2607,3
2608,0
2609,9
2610,2
2611,7
2612,8
2613,5
2614,4
2615,5
2616,8
2617,7
2618,7
2619,3
2620,9
2621,1
2622,7
2623,0
2624,7
2625,8
2626,9
2627,1
2628,7
2629,5
2630,9
2631,9
2632,7
2633,3
2634,9
2635,7
2636,9
2637,7
2638,4
2639,4
2640,3
2641,6
2642,9
2643,0
2644,1
2645,6
2646,4
2647,9
2648,9
2649,2
2650,9
2651,3
2652,6
2653,2
2654,4
2655,5
2656,4
2657,6
2658,6
2659,7
2660,1
2661,6
2662,8
2663,4
2664,6
2665,6
2666,6
2667,7
2668,8
2669,6
2670,2
2671,0
2672,8
2673,6
2674,1
2675,9
2676,0
2677,6
2678,4
2679,3
2680,1
2681,8
2682,0
2683,3
2684,3
2685,3
2686,7
2687,9
2688,8
2689,7
2690,9
2691,0
2692,7
2693,1
2694,9
2695,3
2696,0
2697,6
2698,7
2699,7
2700,3
2701,7
2702,0
2703,8
2704,3
2705,2
2706,3
2707,6
2708,9
2709,1
2710,6
2711,8
2712,9
2713,7
2714,4
2715,9
2716,5
2717,3
2718,8
2719,0
2720,7
2721,1
2722,7
2723,2
2724,6
2725,9
2726,9
2727,6
2728,6
2729,7
2730,7
2731,3
2732,7
2733,1
2734,7
2735,5
2736,9
2737,8
2738,9
2739,8
2740,2
2741,6
2742,2
2743,6
2744,8
2745,9
2746,5
2747,6
2748,8
2749,9
2750,0
2751,7
2752,7
2753,5
2754,8
2755,9
2756,8
2757,5
2758,8
2759,9
2760,1
2761,3
2762,3
2763,6
2764,8
2765,3
2766,2
2767,3
2768,0
2769,8
2770,7
2771,9
2772,4
2773,1
2774,9
2775,5
2776,1
2777,0
2778,6
2779,4
2780,3
2781,2
2782,9
2783,6
2784,1
2785,2
2786,7
2787,5
2788,0
2789,7
2790,9
2791,6
2792,9
2793,3
2794,7
2795,7
2796,7
2797,9
2798,3
2799,8
2800,9
2801,3
2802,3
2803,7
2804,1
2805,7
2806,2
2807,9
2808,3
2809,2
2810,6
2811,4
2812,3
2813,8
2814,9
2815,8
2816,2
2817,7
2818,2
2819,9
2820,5
2821,3
2822,4
2823,8
2824,7
2825,9
2826,0
2827,7
2828,2
2829,0
2830,9
2831,7
2832,1
2833,2
2834,7
2835,8
2836,9
2837,8
2838,7
2839,3
2840,7
2841,0
2842,0
2843,0
2844,7
2845,1
2846,3
2847,1
2848,3
2849,5
2850,4
2851,0
2852,0
2853,2
2854,1
2855,1
2856,4
2857,1
2858,6
2859,3
2860,0
2861,9
2862,8
2863,7
2864,9
2865,9
2866,9
2867,7
2868,5
2869,9
2870,8
2871,9
2872,5
2873,6
2874,6
2875,1
2876,2
2877,2
2878,9
2879,9
2880,9
2881,4
2882,7
2883,6
2884,9
2885,8
2886,5
2887,7
2888,6
2889,8
2890,8
2891,1
2892,8
2893,7
2894,8
2895,5
2896,7
2897,3
2898,9
2899,1
2900,8
2901,0
2902,2
2903,3
2904,9
2905,1
2906,9
2907,0
2908,4
2909,6
2910,7
2911,2
2912,9
2913,8
2914,2
2915,5
2916,8
2917,8
2918,1
2919,6
2920,7
2921,9
2922,3
2923,1
2924,4
2925,7
2926,4
2927,8
2928,9
2929,1
2930,7
2931,8
2932,7
2933,7
2934,6
2935,1
2936,6
2937,2
2938,1
2939,9
2940,3
2941,8
2942,2
2943,3
2944,8
2945,0
2946,5
2947,6
2948,7
2949,0
2950,6
2951,5
2952,6
2953,3
2954,2
2955,7
2956,8
2957,0
2958,8
2959,3
2960,7
2961,3
2962,6
2963,1
2964,7
2965,8
2966,1
2967,6
2968,6
2969,6
2970,9
2971,1
2972,2
2973,4
2974,6
2975,3
2976,9
2977,8
2978,4
2979,7
2980,9
2981,9
2982,6
2983,7
2984,2
2985,8
2986,3
2987,9
2988,3
2989,6
2990,1
2991,8
2992,6
2993,0
2994,2
2995,7
2996,1
2997,7
2998,5
2999,5
3000,1
3001,6
3002,2
3003,1
3004,4
3005,5
3006,2
3007,9
3008,9
3009,1
3010,1
3011,8
3012,4
3013,7
3014,8
3015,9
3016,4
3017,8
3018,0
3019,3
3020,2
3021,9
3022,7
3023,6
3024,7
3025,3
3026,8
3027,8
3028,3
3029,3
3030,1
3031,2
3032,3
3033,3
3034,6
3035,6
3036,5
3037,4
3038,0
3039,7
3040,7
3041,1
3042,6
3043,7
3044,6
3045,7
3046,8
3047,9
3048,9
3049,0
3050,5
3051,2
3052,1
3053,7
3054,8
3055,9
3056,4
3057,7
3058,8
3059,3
3060,9
3061,4
3062,5
3063,5
3064,5
3065,4
3066,0
3067,6
3068,9
3069,6
3070,1
3071,2
3072,1
3073,3
3074,2
3075,1
3076,7
3077,0
3078,8
3079,3
3080,8
3081,3
3082,3
3083,5
3084,9
3085,6
3086,9
3087,9
3088,3
3089,2
3090,9
3091,2
3092,7
3093,1
3094,8
3095,0
3096,5
3097,6
3098,8
3099,1
3100,4
3101,7
3102,2
3103,3
3104,9
3105,2
3106,8
3107,7
3108,1
3109,4
3110,3
3111,4
3112,0
3113,9
3114,9
3115,3
3116,1
3117,9
3118,3
3119,7
3120,6
3121,2
3122,7
3123,7
3124,3
3125,9
3126,9
3127,8
3128,1
3129,9
3130,8
3131,4
3132,0
3133,4
3134,6
3135,4
3136,2
3137,5
3138,3
3139,1
3140,3
3141,6
3142,1
3143,4
3144,9
3145,4
3146,0
3147,5
3148,2
3149,4
3150,9
3151,9
3152,8
3153,3
3154,2
3155,6
3156,0
3157,9
3158,3
3159,2
3160,3
3161,9
3162,1
3163,6
3164,5
3165,3
3166,0
3167,4
3168,3
3169,8
3170,8
3171,2
3172,7
3173,6
3174,2
3175,1
3176,3
3177,1
3178,9
3179,8
3180,9
3181,1
3182,8
3183,8
3184,2
3185,3
3186,0
3187,8
3188,4
3189,4
3190,8
3191,1
3192,5
3193,8
3194,0
3195,9
3196,1
3197,7
3198,0
3199,7
3200,3
3201,8
3202,7
3203,4
3204,9
3205,8
3206,9
3207,4
3208,2
3209,1
3210,0
3211,0
3212,9
3213,9
3214,8
3215,9
3216,8
3217,9
3218,9
3219,8
3220,9
3221,2
3222,6
3223,8
3224,6
3225,9
3226,1
3227,0
3228,9
3229,8
3230,9
3231,1
3232,4
3233,9
3234,0
3235,3
3236,5
3237,9
3238,9
3239,4
3240,3
3241,0
3242,1
3243,0
3244,8
3245,1
3246,1
3247,6
3248,2
3249,8
3250,8
3251,7
3252,6
3253,6
3254,6
3255,3
3256,0
3257,9
3258,3
3259,8
3260,7
3261,4
3262,2
3263,9
3264,7
3265,4
3266,3
3267,2
3268,9
3269,9
3270,7
3271,8
3272,2
3273,5
3274,3
3275,8
3276,2
3277,6
3278,9
3279,2
3280,3
3281,5
3282,8
3283,7
3284,2
3285,4
3286,0
3287,9
3288,1
3289,0
3290,4
3291,7
3292,8
3293,3
3294,8
3295,6
3296,8
3297,6
3298,1
3299,0
3300,3
3301,9
3302,7
3303,1
3304,6
3305,4
3306,2
3307,8
3308,3
3309,5
3310,8
3311,4
3312,3
3313,1
3314,1
3315,5
3316,9
3317,8
3318,9
3319,6
3320,1
3321,3
3322,2
3323,1
3324,1
3325,5
3326,7
3327,1
3328,3
3329,9
3330,3
3331,5
3332,1
3333,7
3334,3
3335,3
3336,6
3337,1
3338,3
3339,1
3340,5
3341,5
3342,0
3343,0
3344,3
3345,4
3346,7
3347,6
3348,1
3349,0
3350,9
3351,5
3352,0
3353,1
3354,3
3355,6
3356,5
3357,9
3358,8
3359,5
3360,1
3361,7
3362,0
3363,7
3364,0
3365,7
3366,4
3367,3
3368,4
3369,8
3370,6
3371,7
3372,5
3373,7
3374,2
3375,2
3376,4
3377,6
3378,8
3379,0
3380,8
3381,8
3382,2
3383,1
3384,0
3385,3
3386,4
3387,2
3388,8
3389,0
3390,8
3391,3
3392,8
3393,7
3394,6
3395,9
3396,4
3397,5
3398,5
3399,7
3400,8
3401,3
3402,8
3403,1
3404,4
3405,8
3406,3
3407,1
3408,3
3409,7
3410,9
3411,7
3412,7
3413,0
3414,5
3415,8
3416,3
3417,7
3418,8
3419,4
3420,9
3421,3
3422,3
3423,3
3424,9
3425,0
3426,7
3427,6
3428,6
3429,6
3430,9
3431,9
3432,6
3433,5
3434,9
3435,7
3436,4
3437,7
3438,2
3439,2
3440,0
3441,0
3442,5
3443,9
3444,3
3445,0
3446,4
3447,4
3448,0
3449,6
3450,9
3451,2
3452,0
3453,4
3454,4
3455,0
3456,7
3457,3
3458,3
3459,0
3460,4
3461,1
3462,7
3463,2
3464,1
3465,6
3466,3
3467,7
3468,3
3469,5
3470,7
3471,8
3472,1
3473,7
3474,9
3475,0
3476,4
3477,7
3478,1
3479,4
3480,5
3481,4
3482,9
3483,5
3484,7
3485,3
3486,7
3487,5
3488,7
3489,3
3490,8
3491,9
3492,4
3493,9
3494,2
3495,1
3496,2
3497,6
3498,6
3499,0
3500,2
3501,7
3502,7
3503,3
3504,2
3505,3
3506,1
3507,1
3508,4
3509,1
3510,7
3511,4
3512,7
3513,5
3514,0
3515,9
3516,3
3517,7
3518,8
3519,6
3520,9
3521,6
3522,7
3523,4
3524,5
3525,4
3526,4
3527,2
3528,8
3529,5
3530,5
3531,9
3532,9
3533,0
3534,1
3535,7
3536,1
3537,1
3538,3
3539,3
3540,8
3541,5
3542,8
3543,6
3544,9
3545,2
3546,9
3547,6
3548,1
3549,3
3550,0
3551,6
3552,4
3553,2
3554,6
3555,8
3556,9
3557,2
3558,0
3559,3
3560,6
3561,1
3562,6
3563,1
3564,0
3565,9
3566,5
3567,4
3568,7
3569,6
3570,0
3571,4
3572,6
3573,4
3574,7
3575,3
3576,1
3577,3
3578,3
3579,4
3580,6
3581,5
3582,5
3583,8
3584,1
3585,1
3586,3
3587,2
3588,8
3589,5
3590,7
3591,0
3592,9
3593,6
3594,7
3595,7
3596,9
3597,3
3598,3
3599,0
3600,8
3601,5
3602,4
3603,2
3604,6
3605,5
3606,5
3607,8
3608,4
3609,0
3610,0
3611,8
3612,8
3613,7
3614,3
3615,2
3616,7
3617,8
3618,2
3619,9
3620,3
3621,4
3622,0
3623,2
3624,0
3625,8
3626,7
3627,7
3628,8
3629,5
3630,2
3631,1
3632,7
3633,1
3634,7
3635,5
3636,1
3637,9
3638,1
3639,5
3640,1
3641,9
3642,7
3643,9
3644,6
3645,9
3646,3
3647,2
3648,9
3649,7
3650,1
3651,8
3652,7
3653,6
3654,2
3655,3
3656,7
3657,0
3658,8
3659,5
3660,1
3661,6
3662,5
3663,3
3664,1
3665,0
3666,7
3667,5
3668,4
3669,9
3670,9
3671,7
3672,8
3673,0
3674,2
3675,5
3676,7
3677,5
3678,9
3679,5
3680,7
3681,8
3682,4
3683,9
3684,8
3685,9
3686,1
3687,2
3688,7
3689,1
3690,6
3691,2
3692,6
3693,7
3694,3
3695,0
3696,5
3697,7
3698,0
3699,7
3700,0
3701,7
3702,9
3703,3
3704,7
3705,4
3706,4
3707,6
3708,4
3709,8
3710,3
3711,0
3712,6
3713,1
3714,9
3715,2
3716,2
3717,5
3718,5
3719,1
3720,4
3721,7
3722,3
3723,2
3724,0
3725,0
3726,9
3727,8
3728,9
3729,5
3730,1
3731,0
3732,3
3733,4
3734,5
3735,3
3736,5
3737,9
3738,4
3739,8
3740,0
3741,7
3742,5
3743,8
3744,8
3745,4
3746,2
3747,7
3748,7
3749,7
3750,8
3751,6
3752,4
3753,4
3754,8
3755,2
3756,3
3757,1
3758,7
3759,8
3760,7
3761,4
3762,8
3763,7
3764,6
3765,0
3766,8
3767,3
3768,4
3769,3
3770,9
3771,6
3772,5
3773,0
3774,8
3775,5
3776,1
3777,4
3778,8
3779,6
3780,7
3781,0
3782,3
3783,8
3784,1
3785,8
3786,5
3787,4
3788,3
3789,9
3790,2
3791,7
3792,2
3793,7
3794,3
3795,2
3796,9
3797,5
3798,9
3799,9
3800,9
3801,7
3802,6
3803,7
3804,9
3805,2
3806,0
3807,8
3808,2
3809,2
3810,3
3811,8
3812,9
3813,5
3814,3
3815,0
3816,2
3817,1
3818,0
3819,8
3820,2
3821,9
3822,6
3823,6
3824,1
3825,6
3826,0
3827,6
3828,0
3829,9
3830,6
3831,8
3832,8
3833,3
3834,4
3835,1
3836,4
3837,6
3838,5
3839,4
3840,5
3841,0
3842,6
3843,1
3844,8
3845,8
3846,4
3847,6
3848,0
3849,9
3850,2
3851,7
3852,9
3853,5
3854,4
3855,0
3856,6
3857,7
3858,7
3859,1
3860,9
3861,6
3862,1
3863,8
3864,1
3865,8
3866,5
3867,2
3868,8
3869,1
3870,0
3871,0
3872,4
3873,5
3874,9
3875,3
3876,2
3877,4
3878,9
3879,2
3880,8
3881,0
3882,4
3883,1
3884,1
3885,7
3886,6
3887,2
3888,4
3889,3
3890,2
3891,5
3892,7
3893,3
3894,0
3895,3
3896,7
3897,7
3898,0
3899,9
3900,5
3901,7
3902,8
3903,9
3904,9
3905,8
3906,8
3907,6
3908,8
3909,0
3910,6
3911,3
3912,2
3913,8
3914,4
3915,4
3916,7
3917,9
3918,0
3919,3
3920,1
3921,8
3922,9
3923,4
3924,2
3925,9
3926,7
3927,7
3928,4
3929,7
3930,0
3931,5
3932,3
3933,4
3934,9
3935,5
3936,8
3937,8
3938,8
3939,3
3940,8
3941,8
3942,3
3943,5
3944,7
3945,1
3946,8
3947,9
3948,4
3949,4
3950,6
3951,3
3952,3
3953,5
3954,9
3955,9
3956,8
3957,4
3958,9
3959,2
3960,7
3961,9
3962,7
3963,5
3964,7
3965,3
3966,1
3967,8
3968,8
3969,4
3970,8
3971,9
3972,3
3973,6
3974,1
3975,6
3976,7
3977,4
3978,8
3979,7
3980,2
3981,3
3982,8
3983,8
3984,0
3985,7
3986,4
3987,8
3988,2
3989,4
3990,8
3991,9
3992,2
3993,1
3994,7
3995,6
3996,4
3997,7
3998,4
3999,9
4000,9
4001,2
4002,7
4003,1
4004,4
4005,2
4006,7
4007,0
4008,7
4009,9
4010,1
4011,1
4012,7
4013,9
4014,8
4015,4
4016,8
4017,8
4018,5
4019,2
4020,8
4021,0
4022,6
4023,0
4024,3
4025,9
4026,8
4027,2
4028,0
4029,3
4030,7
4031,3
4032,5
4033,7
4034,3
4035,5
4036,3
4037,2
4038,6
4039,0
4040,4
4041,9
4042,8
4043,3
4044,7
4045,7
4046,0
4047,0
4048,2
4049,9
4050,5
4051,4
4052,7
4053,9
4054,8
4055,9
4056,1
4057,8
4058,9
4059,4
4060,8
4061,2
4062,0
4063,4
4064,7
4065,7
4066,8
4067,5
4068,3
4069,2
4070,5
4071,8
4072,7
4073,3
4074,2
4075,6
4076,0
4077,8
4078,2
4079,7
4080,2
4081,8
4082,6
4083,5
4084,3
4085,1
4086,4
4087,9
4088,8
4089,4
4090,1
4091,8
4092,9
4093,3
4094,7
4095,9
4096,9
4097,7
4098,4
4099,4
4100,0
4101,1
4102,9
4103,0
4104,8
4105,1
4106,2
4107,9
4108,3
4109,0
4110,7
4111,0
4112,3
4113,1
4114,2
4115,4
4116,8
4117,0
4118,3
4119,1
4120,0
4121,9
4122,2
4123,1
4124,8
4125,3
4126,9
4127,8
4128,8
4129,2
4130,1
4131,4
4132,5
4133,2
4134,6
4135,8
4136,2
4137,8
4138,0
4139,6
4140,6
4141,9
4142,0
4143,4
4144,3
4145,8
4146,1
4147,0
4148,6
4149,8
4150,5
4151,5
4152,9
4153,1
4154,6
4155,5
4156,3
4157,6
4158,9
4159,4
4160,4
4161,6
4162,7
4163,9
4164,8
4165,9
4166,9
4167,2
4168,5
4169,6
4170,3
4171,7
4172,7
4173,3
4174,4
4175,8
4176,7
4177,8
4178,8
4179,9
4180,1
4181,9
4182,4
4183,2
4184,2
4185,6
4186,9
4187,8
4188,3
4189,2
4190,3
4191,7
4192,6
4193,8
4194,1
4195,8
4196,0
4197,8
4198,1
4199,3
4200,4
4201,1
4202,3
4203,5
4204,4
4205,6
4206,4
4207,8
4208,8
4209,7
4210,1
4211,2
4212,6
4213,8
4214,5
4215,2
4216,0
4217,7
4218,2
4219,1
4220,8
4221,2
4222,0
4223,8
4224,4
4225,6
4226,1
4227,3
4228,4
4229,8
4230,9
4231,9
4232,2
4233,7
4234,3
4235,1
4236,2
4237,0
4238,3
4239,9
4240,8
4241,5
4242,7
4243,8
4244,0
4245,4
4246,9
4247,4
4248,8
4249,1
4250,4
4251,6
4252,8
4253,3
4254,2
4255,4
4256,7
4257,3
4258,2
4259,6
4260,1
4261,4
4262,2
4263,2
4264,7
4265,8
4266,7
4267,6
4268,7
4269,0
4270,0
4271,9
4272,5
4273,6
4274,0
4275,9
4276,9
4277,9
4278,2
4279,2
4280,8
4281,0
4282,9
4283,2
4284,0
4285,4
4286,4
4287,6
4288,3
4289,3
4290,2
4291,9
4292,8
4293,0
4294,6
4295,2
4296,3
4297,7
4298,8
4299,0
4300,2
4301,7
4302,7
4303,4
4304,7
4305,7
4306,0
4307,4
4308,0
4309,9
4310,9
4311,5
4312,3
4313,0
4314,9
4315,6
4316,4
4317,8
4318,9
4319,5
4320,2
4321,0
4322,1
4323,0
4324,5
4325,8
4326,6
4327,7
4328,7
4329,1
4330,7
4331,2
4332,7
4333,6
4334,1
4335,0
4336,0
4337,4
4338,9
4339,8
4340,1
4341,9
4342,4
4343,6
4344,6
4345,4
4346,0
4347,2
4348,4
4349,5
4350,8
4351,8
4352,9
4353,8
4354,4
4355,7
4356,8
4357,7
4358,4
4359,6
4360,6
4361,8
4362,6
4363,1
4364,8
4365,9
4366,3
4367,8
4368,8
4369,2
4370,6
4371,5
4372,5
4373,8
4374,8
4375,7
4376,4
4377,8
4378,6
4379,1
4380,3
4381,6
4382,7
4383,1
4384,2
4385,2
4386,7
4387,1
4388,8
4389,4
4390,9
4391,7
4392,4
4393,2
4394,5
4395,3
4396,9
4397,6
4398,3
4399,6
4400,6
4401,2
4402,2
4403,9
4404,7
4405,4
4406,8
4407,8
4408,1
4409,8
4410,2
4411,8
4412,8
4413,9
4414,3
4415,6
4416,9
4417,6
4418,0
4419,9
4420,3
4421,7
4422,2
4423,1
4424,1
4425,6
4426,0
4427,6
4428,8
4429,5
4430,3
4431,8
4432,3
4433,3
4434,3
4435,1
4436,7
4437,0
4438,3
4439,2
4440,8
4441,2
4442,7
4443,7
4444,0
4445,9
4446,4
4447,9
4448,4
4449,4
4450,2
4451,3
4452,4
4453,4
4454,6
4455,3
4456,3
4457,5
4458,3
4459,6
4460,8
4461,3
4462,5
4463,6
4464,1
4465,9
4466,8
4467,0
4468,0
4469,3
4470,7
4471,3
4472,0
4473,3
4474,7
4475,3
4476,9
4477,9
4478,1
4479,4
4480,9
4481,1
4482,7
4483,6
4484,6
4485,1
4486,8
4487,4
4488,1
4489,8
4490,9
4491,5
4492,3
4493,7
4494,0
4495,3
4496,1
4497,7
4498,2
4499,3
4500,6
4501,3
4502,4
4503,2
4504,8
4505,1
4506,3
4507,8
4508,6
4509,8
4510,4
4511,6
4512,7
4513,3
4514,7
4515,4
4516,6
4517,4
4518,2
4519,2
4520,8
4521,2
4522,2
4523,3
4524,2
4525,9
4526,2
4527,6
4528,9
4529,0
4530,5
4531,8
4532,3
4533,3
4534,3
4535,5
4536,8
4537,2
4538,1
4539,7
4540,3
4541,8
4542,0
4543,9
4544,4
4545,3
4546,9
4547,6
4548,3
4549,7
4550,4
4551,8
4552,7
4553,8
4554,8
4555,7
4556,3
4557,6
4558,2
4559,9
4560,3
4561,7
4562,1
4563,9
4564,9
4565,7
4566,7
4567,9
4568,5
4569,2
4570,1
4571,8
4572,1
4573,9
4574,7
4575,6
4576,3
4577,8
4578,8
4579,9
4580,6
4581,1
4582,2
4583,3
4584,9
4585,1
4586,7
4587,0
4588,5
4589,4
4590,3
4591,3
4592,2
4593,3
4594,2
4595,8
4596,4
4597,6
4598,1
4599,9
4600,9
4601,3
4602,4
4603,2
4604,8
4605,7
4606,1
4607,1
4608,2
4609,3
4610,4
4611,1
4612,8
4613,1
4614,4
4615,2
4616,3
4617,0
4618,7
4619,9
4620,8
4621,2
4622,5
4623,9
4624,5
4625,9
4626,1
4627,8
4628,5
4629,1
4630,3
4631,3
4632,1
4633,9
4634,2
4635,9
4636,8
4637,3
4638,8
4639,8
4640,9
4641,3
4642,1
4643,7
4644,4
4645,9
4646,0
4647,4
4648,9
4649,0
4650,1
4651,3
4652,7
4653,8
4654,4
4655,2
4656,9
4657,9
4658,9
4659,2
4660,5
4661,8
4662,0
4663,4
4664,7
4665,9
4666,1
4667,4
4668,5
4669,4
4670,6
4671,2
4672,4
4673,8
4674,3
4675,9
4676,2
4677,9
4678,3
4679,2
4680,8
4681,4
4682,0
4683,7
4684,6
4685,4
4686,7
4687,3
4688,9
4689,7
4690,4
4691,1
4692,0
4693,7
4694,0
4695,8
4696,1
4697,4
4698,8
4699,5
4700,7
4701,2
4702,8
4703,5
4704,0
4705,6
4706,2
4707,8
4708,1
4709,0
4710,9
4711,3
4712,3
4713,9
4714,6
4715,9
4716,6
4717,0
4718,7
4719,3
4720,7
4721,3
4722,1
4723,3
4724,4
4725,9
4726,5
4727,6
4728,8
4729,8
4730,1
4731,4
4732,1
4733,9
4734,9
4735,8
4736,8
4737,0
4738,2
4739,5
4740,0
4741,8
4742,9
4743,2
4744,9
4745,9
4746,3
4747,7
4748,9
4749,2
4750,2
4751,9
4752,7
4753,7
4754,3
4755,6
4756,9
4757,3
4758,8
4759,7
4760,3
4761,4
4762,7
4763,5
4764,9
4765,0
4766,1
4767,0
4768,5
4769,1
4770,5
4771,8
4772,1
4773,9
4774,8
4775,2
4776,2
4777,4
4778,2
4779,6
4780,8
4781,1
4782,5
4783,9
4784,8
4785,5
4786,5
4787,0
4788,2
4789,9
4790,9
4791,9
4792,1
4793,0
4794,0
4795,7
4796,0
4797,8
4798,9
4799,5
4800,2
4801,2
4802,2
4803,0
4804,8
4805,2
4806,3
4807,9
4808,8
4809,8
4810,4
4811,2
4812,0
4813,5
4814,6
4815,0
4816,8
4817,4
4818,9
4819,0
4820,8
4821,7
4822,8
4823,4
4824,7
4825,8
4826,9
4827,2
4828,1
4829,0
4830,1
4831,0
4832,9
4833,9
4834,7
4835,8
4836,0
4837,8
4838,1
4839,1
4840,3
4841,2
4842,3
4843,1
4844,0
4845,6
4846,0
4847,6
4848,8
4849,9
4850,8
4851,0
4852,6
4853,7
4854,1
4855,1
4856,1
4857,8
4858,0
4859,6
4860,4
4861,6
4862,6
4863,3
4864,7
4865,0
4866,0
4867,1
4868,3
4869,2
4870,8
4871,4
4872,4
4873,6
4874,5
4875,7
4876,5
4877,1
4878,6
4879,8
4880,8
4881,8
4882,8
4883,8
4884,2
4885,8
4886,6
4887,7
4888,8
4889,8
4890,0
4891,5
4892,9
4893,7
4894,7
4895,9
4896,5
4897,7
4898,7
4899,3
4900,1
4901,8
4902,9
4903,7
4904,5
4905,0
4906,3
4907,4
4908,4
4909,6
4910,5
4911,8
4912,1
4913,2
4914,9
4915,2
4916,1
4917,6
4918,1
4919,7
4920,1
4921,9
4922,8
4923,4
4924,4
4925,8
4926,7
4927,1
4928,4
4929,2
4930,6
4931,7
4932,7
4933,7
4934,0
4935,6
4936,9
4937,7
4938,1
4939,2
4940,4
4941,9
4942,0
4943,1
4944,7
4945,8
4946,5
4947,3
4948,2
4949,0
4950,0
4951,1
4952,4
4953,4
4954,2
4955,9
4956,7
4957,3
4958,4
4959,1
4960,5
4961,3
4962,6
4963,4
4964,0
4965,9
4966,6
4967,7
4968,8
4969,3
4970,0
4971,6
4972,3
4973,1
4974,6
4975,8
4976,0
4977,1
4978,8
4979,8
4980,4
4981,8
4982,2
4983,5
4984,9
4985,1
4986,4
4987,1
4988,4
4989,3
4990,9
4991,6
4992,9
4993,0
4994,4
4995,3
4996,9
4997,2
4998,3
4999,9
